<?xml version="1.0"?>
<feed xmlns="http://www.w3.org/2005/Atom" xmlns:g="http://base.google.com/ns/1.0">
	<title>Test Store</title>
	<link rel="self" href="http://www.example.com"/>
 
	<entry>
		<g:id>DB_1</g:id>
		<g:title>Masha In Blue</g:title>
		<g:description>Solid plastic Dog Bowl in marine blue color</g:description>
		<g:link>https://translate.google.com.ua/?hl=ru&tab=wT#en/ru/Dog%20Bowl</g:link>
		<g:image_link>http://www.profi-forex.org/system/user_files/Images/wiki2/resized/12_kartinki_masha_i_medved_1817064431.jpg</g:image_link>
		<g:brand>Masha</g:brand>
		<g:condition>new</g:condition>
		<g:availability>in stock</g:availability>
		<g:price>100.99 GBP</g:price>
		<g:shipping>
			<g:country>UK</g:country>
			<g:service>Standard</g:service>
			<g:price>99.95 GBP</g:price>
		</g:shipping>
		<g:google_product_category>Animals &gt; Pet Supplies</g:google_product_category> 
		<applink property="ios_url" content="example-ios://electronic" />
		<applink property="ios_app_store_id" content="42" />
		<applink property="ios_app_name" content="Electronic Example iOS" />
		<applink property="iphone_url" content="example-iphone://electronic" />
		<applink property="iphone_app_store_id" content="43" />
		<applink property="iphone_app_name" content="Electronic Example iPhone" />
		<applink property="ipad_url" content="example-ipad://electronic" />
		<applink property="ipad_app_store_id" content="44" />
		<applink property="ipad_app_name" content="Electronic Example iPad" />
		<applink property="android_url" content="example-android://electronic" />
		<applink property="android_package" content="com.electronic" />
		<applink property="android_app_name" content="Electronic Example Android" />
		<applink property="windows_phone_url" content="example-windows://electronic" />
		<applink property="windows_phone_app_id" content="64ec0d1b-5b3b-4c77-a86b-5e12d465edc0" />
		<applink property="windows_phone_app_name" content="Electronic Example Windows" />
	</entry>
	
	
		<entry>
		<g:id>DB_2</g:id>
		<g:title>Masha In Red</g:title>
		<g:description>Solid plastic Dog Bowl in marine blue color</g:description>
		<g:link>https://translate.google.com.ua/?hl=ru&tab=wT#en/ru/Dog%20Bowl</g:link>
		<g:image_link>http://www.profi-forex.org/system/user_files/Images/wiki2/resized/12_kartinki_masha_i_medved_1817064431.jpg</g:image_link>
		<g:brand>Masha</g:brand>
		<g:condition>new</g:condition>
		<g:availability>in stock</g:availability>
		<g:price>80.99 GBP</g:price>
		<g:shipping>
			<g:country>UK</g:country>
			<g:service>Standard</g:service>
			<g:price>99.95 GBP</g:price>
		</g:shipping>
		<g:google_product_category>Animals &gt; Pet Supplies</g:google_product_category> 
		<applink property="ios_url" content="example-ios://electronic" />
		<applink property="ios_app_store_id" content="42" />
		<applink property="ios_app_name" content="Electronic Example iOS" />
		<applink property="iphone_url" content="example-iphone://electronic" />
		<applink property="iphone_app_store_id" content="43" />
		<applink property="iphone_app_name" content="Electronic Example iPhone" />
		<applink property="ipad_url" content="example-ipad://electronic" />
		<applink property="ipad_app_store_id" content="44" />
		<applink property="ipad_app_name" content="Electronic Example iPad" />
		<applink property="android_url" content="example-android://electronic" />
		<applink property="android_package" content="com.electronic" />
		<applink property="android_app_name" content="Electronic Example Android" />
		<applink property="windows_phone_url" content="example-windows://electronic" />
		<applink property="windows_phone_app_id" content="64ec0d1b-5b3b-4c77-a86b-5e12d465edc0" />
		<applink property="windows_phone_app_name" content="Electronic Example Windows" />
	</entry>
	
	
		<entry>
		<g:id>DB_3</g:id>
		<g:title>Masha In White</g:title>
		<g:description>Solid plastic Dog Bowl in marine blue color</g:description>
		<g:link>https://translate.google.com.ua/?hl=ru&tab=wT#en/ru/Dog%20Bowl</g:link>
		<g:image_link>http://www.profi-forex.org/system/user_files/Images/wiki2/resized/12_kartinki_masha_i_medved_1817064431.jpg</g:image_link>
		<g:brand>Masha</g:brand>
		<g:condition>new</g:condition>
		<g:availability>in stock</g:availability>
		<g:price>50.99 GBP</g:price>
		<g:shipping>
			<g:country>UK</g:country>
			<g:service>Standard</g:service>
			<g:price>99.95 GBP</g:price>
		</g:shipping>
		<g:google_product_category>Animals &gt; Pet Supplies</g:google_product_category> 
		<applink property="ios_url" content="example-ios://electronic" />
		<applink property="ios_app_store_id" content="42" />
		<applink property="ios_app_name" content="Electronic Example iOS" />
		<applink property="iphone_url" content="example-iphone://electronic" />
		<applink property="iphone_app_store_id" content="43" />
		<applink property="iphone_app_name" content="Electronic Example iPhone" />
		<applink property="ipad_url" content="example-ipad://electronic" />
		<applink property="ipad_app_store_id" content="44" />
		<applink property="ipad_app_name" content="Electronic Example iPad" />
		<applink property="android_url" content="example-android://electronic" />
		<applink property="android_package" content="com.electronic" />
		<applink property="android_app_name" content="Electronic Example Android" />
		<applink property="windows_phone_url" content="example-windows://electronic" />
		<applink property="windows_phone_app_id" content="64ec0d1b-5b3b-4c77-a86b-5e12d465edc0" />
		<applink property="windows_phone_app_name" content="Electronic Example Windows" />
	</entry>
	
		<entry>
		<g:id>DB_4</g:id>
		<g:title>Masha In Green</g:title>
		<g:description>Solid plastic Dog Bowl in marine blue color</g:description>
		<g:link>https://translate.google.com.ua/?hl=ru&tab=wT#en/ru/Dog%20Bowl</g:link>
		<g:image_link>http://www.profi-forex.org/system/user_files/Images/wiki2/resized/12_kartinki_masha_i_medved_1817064431.jpg</g:image_link>
		<g:brand>Masha</g:brand>
		<g:condition>new</g:condition>
		<g:availability>in stock</g:availability>
		<g:price>20.99 GBP</g:price>
		<g:shipping>
			<g:country>UK</g:country>
			<g:service>Standard</g:service>
			<g:price>99.95 GBP</g:price>
		</g:shipping>
		<g:google_product_category>Animals &gt; Pet Supplies</g:google_product_category> 
		<applink property="ios_url" content="example-ios://electronic" />
		<applink property="ios_app_store_id" content="42" />
		<applink property="ios_app_name" content="Electronic Example iOS" />
		<applink property="iphone_url" content="example-iphone://electronic" />
		<applink property="iphone_app_store_id" content="43" />
		<applink property="iphone_app_name" content="Electronic Example iPhone" />
		<applink property="ipad_url" content="example-ipad://electronic" />
		<applink property="ipad_app_store_id" content="44" />
		<applink property="ipad_app_name" content="Electronic Example iPad" />
		<applink property="android_url" content="example-android://electronic" />
		<applink property="android_package" content="com.electronic" />
		<applink property="android_app_name" content="Electronic Example Android" />
		<applink property="windows_phone_url" content="example-windows://electronic" />
		<applink property="windows_phone_app_id" content="64ec0d1b-5b3b-4c77-a86b-5e12d465edc0" />
		<applink property="windows_phone_app_name" content="Electronic Example Windows" />
	</entry>
	
	
</feed>
